INSERT INTO gimnasio VALUES(2,'NoFlacosGym Principe Pio','Pº de la Florida,11,Moncloa-Aravaca,28008, Madrid','06:30:00','00:30:00','contacto@noflacosgym.com',919490000);
INSERT INTO gimnasio VALUES(3,'NoFlacosGym Tres Olivos','Plaza de los Tres Olivos,32,Montecarmelo,29340,Madrid','06:30','00:30','contacto@noflacosgym.com',919490002);
INSERT INTO actividad VALUES (1, 'Yoga', '01:00:00', 20, 1, 1, '2024-12-08');
INSERT INTO actividad VALUES (2, 'Zumba', '00:45:00', 25, 2, 2, '2024-12-08');
INSERT INTO actividad VALUES (3, 'Pilates', '01:30:00', 15, 3, 3, '2024-12-09');
INSERT INTO actividad VALUES (4, 'Yoga', '00:50:00', 30, 4, 1, '2024-12-09');
INSERT INTO actividad VALUES (5, 'Boxeo', '01:15:00', 10, 5, 2, '2024-12-10');
INSERT INTO actividad VALUES (6, 'CrossFit', '01:00:00', 10, 6, 3, '2024-12-10');
INSERT INTO actividad VALUES (7, 'Yoga', '00:40:00', 18, 7, 1, '2024-12-11');
INSERT INTO actividad VALUES (8, 'Natación', '01:20:00', 12, 8, 2, '2024-12-11');
INSERT INTO actividad VALUES (9, 'Zumba', '01:10:00', 22, 9, 3, '2024-12-12');
INSERT INTO actividad VALUES (10, 'CrossFit', '00:55:00', 25, 10, 1, '2024-12-12');
INSERT INTO actividad VALUES (11, 'Kickboxing', '01:00:00', 15, 1, 2, '2024-12-13');
INSERT INTO actividad VALUES (12, 'Yoga', '00:50:00', 20, 2, 1, '2024-12-13');
INSERT INTO actividad VALUES (13, 'Zumba', '01:10:00', 10, 3, 3, '2024-12-14');
INSERT INTO actividad VALUES (14, 'Stretching', '00:40:00', 18, 4, 2, '2024-12-14');
INSERT INTO actividad VALUES (15, 'Zumba', '01:30:00', 8, 5, 1, '2024-12-15');
INSERT INTO actividad VALUES (16, 'CrossFit', '01:20:00', 12, 6, 3, '2024-12-15');
INSERT INTO actividad VALUES (17, 'Boxeo', '00:45:00', 25, 7, 1, '2024-12-16');
INSERT INTO actividad VALUES (18, 'Pilates', '01:15:00', 10, 8, 2, '2024-12-16');
INSERT INTO actividad VALUES (19, 'CrossFit', '01:00:00', 20, 9, 3, '2024-12-17');
INSERT INTO actividad VALUES (20, 'Meditación', '00:30:00', 15, 10, 1, '2024-12-17');
INSERT INTO actividad VALUES (21, 'Circuito de Fuerza', '01:10:00', 22, 11, 2, '2024-12-18');
INSERT INTO actividad VALUES (22, 'Yoga', '01:00:00', 18, 12, 3, '2024-12-18');
INSERT INTO actividad VALUES (23, 'Ciclismo Indoor', '00:50:00', 25, 13, 1, '2024-12-19');
INSERT INTO actividad VALUES (24, 'Zumba', '01:20:00', 12, 14, 2, '2024-12-19');
INSERT INTO actividad VALUES (25, 'Power Yoga', '01:30:00', 15, 15, 3, '2024-12-20');
INSERT INTO actividad VALUES (26, 'Yoga', '01:10:00', 20, 1, 1, '2024-12-20');
INSERT INTO actividad VALUES (27, 'Pilates', '00:40:00', 22, 13, 2, '2024-12-21');
INSERT INTO actividad VALUES (28, 'Boxeo', '01:15:00', 10, 2, 3, '2024-12-21');
INSERT INTO actividad VALUES (29, 'Pilates', '01:00:00', 8, 5, 1, '2024-12-22');
INSERT INTO actividad VALUES (30, 'Boxeo', '00:55:00', 18, 9, 2, '2024-12-22');
INSERT INTO actividad VALUES (31, 'Yoga', '01:00:00', 20, 2, 1, '2024-12-23');
INSERT INTO actividad VALUES (32, 'Zumba', '00:45:00', 25, 15, 2, '2024-12-23');
INSERT INTO actividad VALUES (33, 'Pilates', '01:30:00', 15, 7, 3, '2024-12-24');
INSERT INTO actividad VALUES (34, 'Boxeo', '01:15:00', 10, 4, 1, '2024-12-24');
INSERT INTO actividad VALUES (35, 'CrossFit', '01:00:00', 20, 5, 2, '2024-12-25');
INSERT INTO actividad VALUES (36, 'Stretching', '00:40:00', 18, 6, 3, '2024-12-25');
INSERT INTO actividad VALUES (37, 'Zumba', '01:10:00', 22, 7, 1, '2024-12-26');
INSERT INTO actividad VALUES (38, 'Yoga', '00:50:00', 30, 8, 2, '2024-12-26');
INSERT INTO actividad VALUES (39, 'Kickboxing', '01:00:00', 15, 9, 3, '2024-12-27');
INSERT INTO actividad VALUES (40, 'Natación', '01:20:00', 12, 3, 1, '2024-12-27');
INSERT INTO actividad VALUES (41, 'Meditación', '00:30:00', 15, 14, 2, '2024-12-28');
INSERT INTO actividad VALUES (42, 'Pilates', '01:15:00', 10, 8, 3, '2024-12-28');
INSERT INTO actividad VALUES (43, 'Zumba', '01:10:00', 22, 1, 1, '2024-12-29');
INSERT INTO actividad VALUES (44, 'Yoga', '01:00:00', 18, 9, 2, '2024-12-29');
INSERT INTO actividad VALUES (45, 'CrossFit', '01:00:00', 20, 10, 3, '2024-12-30');
INSERT INTO actividad VALUES (46, 'Ciclismo Indoor', '00:50:00', 25, 6, 1, '2024-12-30');
INSERT INTO actividad VALUES (47, 'Zumba', '01:20:00', 12, 7, 2, '2024-12-31');
INSERT INTO actividad VALUES (48, 'Yoga', '01:10:00', 20, 8, 3, '2024-12-31');
INSERT INTO actividad VALUES (49, 'Boxeo', '00:45:00', 25, 2, 1, '2025-01-01');
INSERT INTO actividad VALUES (50, 'Pilates', '01:15:00', 10, 4, 2, '2025-01-01');
INSERT INTO actividad VALUES (51, 'Circuito de Fuerza', '01:10:00', 22, 1, 3, '2025-01-02');
INSERT INTO actividad VALUES (52, 'Kickboxing', '01:00:00', 15, 11, 1, '2025-01-02');
INSERT INTO actividad VALUES (53, 'Yoga', '01:00:00', 18, 14, 2, '2025-01-03');
INSERT INTO actividad VALUES (54, 'CrossFit', '01:20:00', 12, 7, 3, '2025-01-03');
INSERT INTO actividad VALUES (55, 'Zumba', '01:30:00', 8, 5, 1, '2025-01-04');
INSERT INTO actividad VALUES (56, 'Natación', '01:20:00', 12, 1, 2, '2025-01-04');
INSERT INTO actividad VALUES (57, 'Power Yoga', '01:30:00', 15, 2, 3, '2025-01-05');
INSERT INTO actividad VALUES (58, 'Meditación', '00:30:00', 15, 5, 1, '2025-01-05');
INSERT INTO actividad VALUES (59, 'Boxeo', '01:15:00', 10, 9, 2, '2025-01-06');
INSERT INTO actividad VALUES (60, 'Yoga', '01:10:00', 20, 12, 3, '2025-01-06');
INSERT INTO actividad VALUES (61, 'Pilates', '00:40:00', 22, 2, 1, '2025-01-07');
INSERT INTO actividad VALUES (62, 'Ciclismo Indoor', '00:50:00', 25, 1, 2, '2025-01-07');
INSERT INTO actividad VALUES (63, 'CrossFit', '01:00:00', 20, 3, 3, '2025-01-08');
INSERT INTO actividad VALUES (64, 'Stretching', '00:40:00', 19, 4, 1, '2025-01-08');
INSERT INTO actividad VALUES (65, 'Zumba', '01:10:00', 22, 10, 2, '2025-01-09');
INSERT INTO actividad VALUES (66, 'Kickboxing', '01:00:00', 15, 11, 3, '2025-01-09');
INSERT INTO actividad VALUES (67, 'Boxeo', '01:15:00', 10, 14, 1, '2025-01-10');
INSERT INTO actividad VALUES (68, 'Yoga', '01:00:00', 20, 8, 2, '2025-01-10');
INSERT INTO actividad VALUES (69, 'Pilates', '01:15:00', 10, 1, 3, '2025-01-11');
INSERT INTO actividad VALUES (70, 'Zumba', '01:20:00', 12, 6, 1, '2025-01-11');
INSERT INTO actividad VALUES (71, 'CrossFit', '01:00:00', 20, 7, 2, '2025-01-12');
INSERT INTO actividad VALUES (72, 'Meditación', '00:30:00', 15, 2, 3, '2025-01-12');
INSERT INTO actividad VALUES (73, 'Ciclismo Indoor', '00:50:00', 25, 14, 1, '2025-01-13');
INSERT INTO actividad VALUES (74, 'Yoga', '00:50:00', 30, 10, 2, '2025-01-13');
INSERT INTO actividad VALUES (75, 'Boxeo', '01:15:00', 10, 13, 3, '2025-01-14');
INSERT INTO actividad VALUES (76, 'Pilates', '01:30:00', 15, 15, 1, '2025-01-14');
INSERT INTO actividad VALUES (77, 'CrossFit', '01:00:00', 20, 2, 2, '2025-01-15');
INSERT INTO actividad VALUES (78, 'Zumba', '01:10:00', 22, 1, 3, '2025-01-15');
INSERT INTO actividad VALUES (79, 'Meditación', '00:30:00', 15, 9, 1, '2025-01-16');
INSERT INTO actividad VALUES (80, 'Kickboxing', '01:00:00', 15, 7, 2, '2025-01-16');
INSERT INTO actividad VALUES (81, 'Yoga', '01:10:00', 20, 5, 3, '2025-01-17');
INSERT INTO actividad VALUES (82, 'Stretching', '00:40:00', 18, 14, 1, '2025-01-17');
INSERT INTO actividad VALUES (83, 'Ciclismo Indoor', '00:50:00', 25, 3, 2, '2025-01-18');
INSERT INTO actividad VALUES (84, 'Boxeo', '01:15:00', 10, 4, 3, '2025-01-18');
INSERT INTO actividad VALUES (85, 'Zumba', '01:20:00', 12, 9, 1, '2025-01-19');
INSERT INTO actividad VALUES (86, 'Power Yoga', '01:30:00', 15, 6, 2, '2025-01-19');
INSERT INTO actividad VALUES (87, 'Pilates', '01:15:00', 10, 7, 3, '2025-01-20');
INSERT INTO actividad VALUES (88, 'CrossFit', '01:20:00', 12, 1, 1, '2025-01-20');
INSERT INTO actividad VALUES (89, 'Yoga', '01:10:00', 20, 10, 2, '2025-01-21');
INSERT INTO actividad VALUES (90, 'Kickboxing', '01:00:00', 15, 8, 3, '2025-01-21');
INSERT INTO actividad VALUES (91, 'Meditación', '00:30:00', 15, 1, 1, '2025-01-22');
INSERT INTO actividad VALUES (92, 'Boxeo', '00:45:00', 25, 2, 2, '2025-01-22');
INSERT INTO actividad VALUES (93, 'Yoga', '00:50:00', 30, 7, 3, '2025-01-23');
INSERT INTO actividad VALUES (94, 'Zumba', '01:10:00', 22, 6, 1, '2025-01-23');
INSERT INTO actividad VALUES (95, 'Pilates', '00:40:00', 22, 9, 2, '2025-01-24');
INSERT INTO actividad VALUES (96, 'CrossFit', '01:00:00', 20, 8, 3, '2025-01-24');
INSERT INTO actividad VALUES (97, 'Power Yoga', '01:30:00', 15, 7, 1, '2025-01-25');
INSERT INTO actividad VALUES (98, 'Meditación', '00:30:00', 15, 3, 2, '2025-01-25');
INSERT INTO actividad VALUES (99, 'Kickboxing', '01:00:00', 15, 11, 3, '2025-01-26');
INSERT INTO actividad VALUES (100, 'Boxeo', '01:15:00', 10, 9, 1, '2025-01-26'); 
INSERT INTO suscripcion VALUES('BASICA',39,'3 Meses',60);
INSERT INTO suscripcion VALUES('ESTANDAR',49,'6 Meses',50);
INSERT INTO suscripcion VALUES('PREMIUM',59,'10 Meses',5);
INSERT INTO equipamiento VALUES (1, 'Life Fitness', 'Barra 10KG', 'Hipertrofia y Fuerza');
INSERT INTO equipamiento VALUES (2, 'Technogym', 'Barra Olímpica 20KG', 'Hipertrofia y Fuerza');
INSERT INTO equipamiento VALUES (3, 'Life Fitness', 'Bicicleta Estática', 'Cardio');
INSERT INTO equipamiento VALUES (4, 'Technogym', 'Banco Ajustable', 'Entrenamiento Multifuncional');
INSERT INTO equipamiento VALUES (5, 'Life Fitness', 'Cinta de Correr', 'Cardio');
INSERT INTO equipamiento VALUES (6, 'Technogym', 'Pesas Rusas 12KG', 'Fuerza y Condicionamiento');
INSERT INTO equipamiento VALUES (7, 'Life Fitness', 'Máquina de Press de Pecho', 'Hipertrofia');
INSERT INTO equipamiento VALUES (8, 'Technogym', 'Rueda Abdominal', 'Core');
INSERT INTO equipamiento VALUES (9, 'Life Fitness', 'Elíptica', 'Cardio');
INSERT INTO equipamiento VALUES (10, 'Technogym', 'Máquina de Remo', 'Cardio y Fuerza');
INSERT INTO equipamiento VALUES (11, 'Life Fitness', 'Máquina de Poleas', 'Entrenamiento Multifuncional');
INSERT INTO equipamiento VALUES (12, 'Technogym', 'Disco Olímpico 10KG', 'Fuerza');
INSERT INTO equipamiento VALUES (13, 'Life Fitness', 'Steps Ajustables', 'Aeróbicos');
INSERT INTO equipamiento VALUES (14, 'Technogym', 'Cuerda de Batalla 15M', 'Condicionamiento');
INSERT INTO equipamiento VALUES (15, 'Life Fitness', 'Máquina de Abductores', 'Hipertrofia');
INSERT INTO equipamiento VALUES (16, 'Technogym', 'Máquina de Press de Pierna', 'Fuerza');
INSERT INTO equipamiento VALUES (17, 'Life Fitness', 'Barras Paralelas', 'Calistenia y Fuerza');
INSERT INTO equipamiento VALUES (18, 'Technogym', 'Máquina de Dominadas Asistidas', 'Fuerza y Resistencia');
INSERT INTO equipamiento VALUES (19, 'Life Fitness', 'Bandas de Resistencia', 'Rehabilitación y Fuerza');
INSERT INTO equipamiento VALUES (20, 'Technogym', 'Balón Medicinal 8KG', 'Condicionamiento');
INSERT INTO equipamiento VALUES (21, 'Life Fitness', 'Máquina de Glúteos', 'Hipertrofia');
INSERT INTO equipamiento VALUES (22, 'Technogym', 'Cinta de Resistencia para Yoga', 'Flexibilidad');
INSERT INTO equipamiento VALUES (23, 'Life Fitness', 'Máquina de Remo Hidráulico', 'Cardio');
INSERT INTO equipamiento VALUES (24, 'Technogym', 'Escaladora', 'Cardio y Resistencia');
INSERT INTO equipamiento VALUES (25, 'Life Fitness', 'Máquina de Tríceps', 'Hipertrofia');
INSERT INTO equipamiento VALUES (26, 'Technogym', 'Colchoneta Antideslizante', 'Yoga y Pilates');
INSERT INTO equipamiento VALUES (27, 'Life Fitness', 'Máquina de Bíceps', 'Fuerza');
INSERT INTO equipamiento VALUES (28, 'Technogym', 'Jaula de Potencia', 'Entrenamiento Multifuncional');
INSERT INTO equipamiento VALUES (29, 'Life Fitness', 'Torre de Poleas', 'Entrenamiento Multifuncional');
INSERT INTO equipamiento VALUES (30, 'Technogym', 'Dumbbells Ajustables', 'Fuerza');
INSERT INTO equipamiento VALUES (31, 'Life Fitness', 'Máquina de Dorsales', 'Hipertrofia');
INSERT INTO equipamiento VALUES (32, 'Technogym', 'Rueda para Pilates', 'Flexibilidad');
INSERT INTO equipamiento VALUES (33, 'Life Fitness', 'Banco de Declive', 'Entrenamiento Multifuncional');
INSERT INTO equipamiento VALUES (34, 'Technogym', 'Cuerda para Saltar', 'Cardio');
INSERT INTO equipamiento VALUES (35, 'Life Fitness', 'Pesas Rusas 16KG', 'Fuerza y Condicionamiento');
INSERT INTO equipamiento VALUES (36, 'Technogym', 'Set de Mancuernas 5-25KG', 'Fuerza');
INSERT INTO equipamiento VALUES (37, 'Life Fitness', 'Máquina de Gemelos', 'Fuerza');
INSERT INTO equipamiento VALUES (38, 'Technogym', 'TRX (Entrenamiento en Suspensión)', 'Fuerza y Flexibilidad');
INSERT INTO equipamiento VALUES (39, 'Life Fitness', 'Cuerda de Batalla 10M', 'Condicionamiento');
INSERT INTO equipamiento VALUES (40, 'Technogym', 'Rodillo de Espuma', 'Recuperación y Flexibilidad');
INSERT INTO equipamiento VALUES (41, 'Life Fitness', 'Máquina Smith', 'Entrenamiento Multifuncional');
INSERT INTO equipamiento VALUES (42, 'Technogym', 'Soporte de Barras Olímpicas', 'Organización');
INSERT INTO equipamiento VALUES (43, 'Life Fitness', 'Plataforma de Salto', 'Pliometría');
INSERT INTO equipamiento VALUES (44, 'Technogym', 'Kit de Pesas Rusas 4-20KG', 'Fuerza y Condicionamiento');
INSERT INTO equipamiento VALUES (45, 'Life Fitness', 'Elástico para Glúteos', 'Rehabilitación y Fuerza');
INSERT INTO equipamiento VALUES (46, 'Technogym', 'Banco para Hip Thrust', 'Fuerza y Glúteos');
INSERT INTO equipamiento VALUES (47, 'Life Fitness', 'Máquina de Prensa de Hombros', 'Hipertrofia');
INSERT INTO equipamiento VALUES (48, 'Technogym', 'Set de Discos Olímpicos', 'Fuerza y Resistencia');
INSERT INTO equipamiento VALUES (49, 'Life Fitness', 'Máquina de Elevación Lateral', 'Fuerza');
INSERT INTO equipamiento VALUES (50, 'Technogym', 'Máquina de Curl de Pierna', 'Fuerza e Hipertrofia');
INSERT INTO equipamiento VALUES (51, 'Life Fitness', 'Máquina de Hiperextensiones', 'Core y Fuerza');
INSERT INTO equipamiento VALUES (52, 'Technogym', 'Press Banca', 'Fuerza e Hipertrofia');
INSERT INTO equipamiento VALUES (53, 'Technogym', 'Press Banca', 'Fuerza e Hipertrofia');
INSERT INTO equipamiento VALUES (54, 'Technogym', 'Press Banca', 'Fuerza e Hipertrofia');
INSERT INTO equipamiento VALUES (55, 'Technogym', 'Press Banca', 'Fuerza e Hipertrofia');
INSERT INTO equipamiento VALUES (56, 'Technogym', 'Press Banca', 'Fuerza e Hipertrofia');
INSERT INTO equipamiento VALUES (57, 'Technogym', 'Press Banca', 'Fuerza e Hipertrofia');
INSERT INTO equipamiento VALUES (58, 'Technogym', 'Press Banca', 'Fuerza e Hipertrofia');
INSERT INTO equipamiento VALUES (59, 'Technogym', 'Press Banca', 'Fuerza e Hipertrofia');
INSERT INTO equipamiento VALUES (60, 'Technogym', 'Press Banca', 'Fuerza e Hipertrofia');
INSERT INTO empleado VALUES('Z1567800E','Raul','Quintano Vasquez','entrenador');
INSERT INTO empleado VALUES('Y9876543B','Luis','Pérez Gómez','recepcion');
INSERT INTO empleado VALUES('Z8453021D','María','Fernández Díaz','entrenador');
INSERT INTO empleado VALUES('X5624890E','José','Gómez Ruiz','entrenador');
INSERT INTO empleado VALUES('12349876F','Raúl','Jiménez Martín','conserje');
INSERT INTO empleado VALUES('Y7402839G','Lucía','Hernández Castro','entrenador');
INSERT INTO empleado VALUES('Z3485091H','Pedro','Vázquez López','entrenador');
INSERT INTO empleado VALUES('X8923745J','Clara','Sánchez Pérez','recepcion');
INSERT INTO empleado VALUES('12345678K','Ana Sofía','Castro Pérez','entrenador');
INSERT INTO empleado VALUES('Y3495876L','José Manuel','García Torres','entrenador');
INSERT INTO empleado VALUES('Z2093847M','Laura','Romero Martínez','entrenador');
INSERT INTO empleado VALUES('X6473928N','David','Morales Ruiz','entrenador');
INSERT INTO empleado VALUES('12390876P','María Elena','Vega González','recepcion');
INSERT INTO empleado VALUES('Y5627384Q','Sergio','Sánchez Rodríguez','entrenador');
INSERT INTO empleado VALUES('Z7481209R','Miguel','Ríos Fernández','tecnico');
INSERT INTO empleado VALUES('X9087345S','Raquel','Martín Gómez','entrenador');
INSERT INTO empleado VALUES('12347658T','Luis','Álvarez Torres','entrenador');
INSERT INTO empleado VALUES('Y2348957U','Gabriel','Vega Martínez','entrenador');
INSERT INTO empleado VALUES('Z4567830V','Isabel','Muñoz García','entrenador');
INSERT INTO empleado VALUES('X2938476W','Antonio','Pérez Núñez','recepcion');
INSERT INTO empleado VALUES('12348976X','Claudia','Díaz Hernández','tecnico');
INSERT INTO empleado VALUES('Y5629834Y','Andrés','Serrano López','entrenador');
INSERT INTO empleado VALUES('Z7890652Z','José Luis','Ortiz Romero','entrenador');
INSERT INTO empleado VALUES('X3829471A','Gabriel','López Molina','tecnico');
INSERT INTO empleado VALUES('12340675B','Laura María','Torres García','entrenador');
INSERT INTO empleado VALUES('Y6783945C','Antonio','Navarro Jiménez','entrenador');
INSERT INTO empleado VALUES('Z4902751D','Rosa','Vega López','conserje');
INSERT INTO empleado VALUES('X3568974E','Julio','Ruiz Gómez','entrenador');
INSERT INTO empleado VALUES('12398475F','Cristina','Jiménez Pérez','entrenador');
INSERT INTO empleado VALUES('Y4573896G','Luis','Álvarez Cruz','entrenador');
INSERT INTO empleado VALUES('Z9087432H','Gabriel','González Torres','entrenador');
INSERT INTO empleado VALUES('X2478934I','David','Hernández Morales','recepcion');
INSERT INTO empleado VALUES('12345679J','Rosa Elena','Pérez Jiménez','entrenador');
INSERT INTO empleado VALUES('Y8743957K','Laura','Castro Vega','tecnico');
INSERT INTO empleado VALUES('Z3958742L','Miguel Ángel','Ríos Castro','entrenador');
INSERT INTO empleado VALUES('X1092847M','Lucía','Hernández Vega','entrenador');
INSERT INTO empleado VALUES('12349875N','Sofía','Jiménez Morales','entrenador');
INSERT INTO empleado VALUES('Y3489705P','Carlos','Morales García','tecnico');
INSERT INTO empleado VALUES('Z4987651Q','Ana Teresa','García Torres','entrenador');
INSERT INTO empleado VALUES('X2083745R','Pedro','Navarro López','entrenador');
INSERT INTO empleado VALUES('12340896S','Laura Isabel','Fernández Díaz','recepcion');
INSERT INTO empleado VALUES('Y3047596T','María Clara','Serrano Pérez','entrenador');
INSERT INTO empleado VALUES('Z8093754U','Andrés','Vega García','entrenador');
INSERT INTO empleado VALUES('X9087645V','Luis Javier','Pérez Jiménez','tecnico');
INSERT INTO empleado VALUES('12347689W','David','Hernández Castro','recepcion');
INSERT INTO empleado VALUES('Y2348761X','Gabriela','Morales Vega','entrenador');
INSERT INTO cliente VALUES('Z1038513E','Ivan Rafael','Rengel Ferreira','2004-06-14','ES76 1234 5678 9876 5432 1098 7654','2023-09-24','ESTANDAR');
INSERT INTO cliente VALUES('X2438911C','Carlos Alberto','Martínez López','1992-05-20','ES76 4321 8765 9876 5432 1122 3344','2024-01-10','BASICO');
INSERT INTO cliente VALUES('12345678A','Ana María','Rodríguez Sánchez','1998-11-01','ES76 8765 4321 1234 5678 1098 7654','2024-02-15','BASICO');
INSERT INTO cliente VALUES('X2398745A','Luis Enrique','Pérez Gómez','2001-03-12','ES76 3456 7890 1234 5678 8765 4321','2024-03-01','ESTANDAR');
INSERT INTO cliente VALUES('Z1389706B','María José','Fernández Díaz','1990-02-22','ES76 5432 1098 7654 1234 5678 9876','2024-04-01','BASICO');
INSERT INTO cliente VALUES('Y4891324E','José Antonio','Gómez Ruiz','1995-07-17','ES76 7654 1234 5678 9876 4321 8765','2024-05-10','PREMIUM');
INSERT INTO cliente VALUES('P5920483F','Raúl Andrés','Jiménez Martín','1990-09-13','ES76 2345 6789 1234 8765 4321 9087','2024-06-15','BASICO');
INSERT INTO cliente VALUES('X6402934G','Lucía Elena','Hernández Castro','2003-12-25','ES76 8765 4321 8765 2345 1098 7654','2024-07-19','ESTANDAR');
INSERT INTO cliente VALUES('12345678Z','Pedro Javier','Vázquez López','1997-10-04','ES76 1357 2468 9753 8642 1098 7654','2024-08-03','BASICO');
INSERT INTO cliente VALUES('P7458291K','Clara Isabel','Sánchez Pérez','2000-01-18','ES76 4567 8901 2345 6789 4321 9876','2024-09-12','PREMIUM');
INSERT INTO cliente VALUES('Z2093847L','Ana Sofía','Castro Pérez','1999-07-23','ES76 7623 9854 9876 5432 0123 4567','2024-10-05','BASICO');
INSERT INTO cliente VALUES('P1234567BR','José Manuel','García Torres','2002-04-17','BR76 8523 6894 1234 2345 8765 2345','2024-11-12','ESTANDAR');
INSERT INTO cliente VALUES('X5009384N','Laura Isabel','Romero Martínez','1994-08-25','ES76 9574 2368 7612 5323 8790 2345','2024-12-01','BASICO');
INSERT INTO cliente VALUES('P5692380P','María Elena','Vega González','2001-12-12','ES76 8765 1234 5432 8765 9876 5432','2024-03-17','PREMIUM');
INSERT INTO cliente VALUES('Z9823741Q','Sergio Francisco','Sánchez Rodríguez','1996-06-14','ES76 1234 8765 4321 2345 5678 9876','2024-04-08','BASICO');
INSERT INTO cliente VALUES('X7481209R','Miguel Ángel','Ríos Fernández','1991-11-02','ES76 2345 9876 2341 1234 6547 2311','2024-05-06','BASICO');
INSERT INTO cliente VALUES('P9487632T','Luis Ángel','Alvarez Torres','1995-04-20','US76 4321 8765 9876 5432 2109 8765','2024-07-30','BASICO');
INSERT INTO cliente VALUES('Z7413569U','Gabriel Antonio','Vega Martínez','2000-09-17','ES76 5432 1098 7654 3211 2345 9876','2024-08-19','PREMIUM');
INSERT INTO cliente VALUES('X2765035V','Isabel Cristina','Muñoz García','1997-03-21','ES76 6543 8765 5432 9876 3210 8765','2024-09-10','BASICO');
INSERT INTO cliente VALUES('P4598670W','Antonio Javier','Pérez Núñez','1998-11-11','AR76 7654 4321 8765 6543 8765 1234','2024-10-15','BASICO');
INSERT INTO cliente VALUES('Z5623897X','Claudia Teresa','Díaz Hernández','1996-07-19','ES76 8765 4321 1234 6789 3456 4321','2024-11-30','PREMIUM');
INSERT INTO cliente VALUES('X7482910Y','Andrés Enrique','Serrano López','2002-10-03','PE76 9876 5432 1098 7654 8765 4321','2024-12-08','BASICO');
INSERT INTO cliente VALUES('P6237890A','Gabriel Luis','López Molina','2000-09-25','MX76 2345 6789 1234 5678 8765 4321','2024-02-09','ESTANDAR');
INSERT INTO cliente VALUES('Y4938701B','Laura María','Torres García','1993-12-04','ES76 5432 1098 7654 2345 9876 5432','2024-03-18','BASICO');
INSERT INTO cliente VALUES('P9857452C','Antonio Martín','Navarro Jiménez','1996-02-11','CL76 7654 1234 8765 4321 1098 7654','2024-04-25','BASICO');
INSERT INTO cliente VALUES('Z3845296D','Rosa María','Vega López','1997-10-30','ES76 8765 4321 2345 6789 4321 1098','2024-05-04','PREMIUM');
INSERT INTO cliente VALUES('X2368294E','Julio César','Ruiz Gómez','2001-01-05','CO76 9876 2345 6789 1234 7654 9876','2024-06-10','BASICO');
INSERT INTO cliente VALUES('Z9028471A','Lucía Andrea','Mendoza Pérez','1999-03-21','ES76 3456 7890 1234 5678 9876 5432','2024-01-15','BASICO');
INSERT INTO cliente VALUES('X8471263B','Carlos Javier','Gómez Torres','1990-05-12','ES76 1234 5678 9876 4321 8765 4321','2024-02-10','PREMIUM');
INSERT INTO cliente VALUES('12348765C','María Rosa','Vega Morales','2003-07-04','ES76 2345 8765 1234 4321 8765 1098','2024-03-05','BASICO');
INSERT INTO cliente VALUES('Y5634789D','Luis Alberto','Ramos Jiménez','1995-08-16','US76 5432 1098 7654 8765 2345 8765','2024-04-10','ESTANDAR');
INSERT INTO cliente VALUES('P9087654E','Ana Sofía','Martínez López','1992-01-02','MX76 6789 1234 8765 5432 1098 7654','2024-05-03','BASICO');
INSERT INTO cliente VALUES('Z3829047F','José Ángel','Pérez Sánchez','1988-10-11','BR76 1234 8765 9876 5432 8765 4321','2024-06-09','PREMIUM');
INSERT INTO cliente VALUES('X8472930G','Elena Beatriz','Navarro Torres','1996-06-20','AR76 6543 8765 2345 9876 5432 1098','2024-07-18','BASICO');
INSERT INTO cliente VALUES('P6478290H','Raúl Alejandro','Fernández Vega','1993-12-15','CL76 8765 4321 2345 9876 6543 1098','2024-08-05','ESTANDAR');
INSERT INTO cliente VALUES('12349876I','Miguel Ángel','Jiménez Ruiz','2001-09-29','ES76 1234 7654 9876 2345 8765 4321','2024-09-01','BASICO');
INSERT INTO cliente VALUES('Y9084732J','Gabriela Elena','Díaz López','1998-04-25','PE76 6543 9876 2345 7654 8765 4321','2024-10-17','PREMIUM');
INSERT INTO cliente VALUES('Z7895643K','Pedro Javier','Hernández Cruz','2000-11-14','ES76 8765 5432 1098 7654 1234 9876','2024-11-11','BASICO');
INSERT INTO cliente VALUES('X6452398L','David Rafael','López García','1997-01-03','CO76 5432 8765 2345 9876 4321 1098','2024-12-06','BASICO');
INSERT INTO cliente VALUES('12347658M','Sofía Isabel','García Castro','1994-07-30','IT76 8765 1234 4321 8765 2345 6789','2024-01-22','ESTANDAR');
INSERT INTO cliente VALUES('P9084356N','Antonio José','Vega López','2002-02-28','MX76 1234 4321 7654 8765 2345 9876','2024-02-15','BASICO');
INSERT INTO cliente VALUES('Z6457382O','María Teresa','Ríos Fernández','1999-06-18','ES76 4321 7654 9876 5432 8765 1234','2024-03-27','PREMIUM');
INSERT INTO cliente VALUES('X4732981P','Javier Andrés','Torres Sánchez','1990-10-23','BR76 8765 5432 1234 6789 7654 4321','2024-04-21','BASICO');
INSERT INTO cliente VALUES('P1298476Q','Rosa Elena','Morales Ruiz','1993-08-09','PE76 3456 7890 1234 4321 8765 7654','2024-05-30','ESTANDAR');
INSERT INTO cliente VALUES('12348907R','Laura Isabel','Castro Jiménez','1995-12-19','US76 6789 9876 5432 2345 1098 7654','2024-06-12','BASICO');
INSERT INTO cliente VALUES('Y8472956S','Gabriel Antonio','Gómez Torres','1989-09-05','ES76 5432 8765 2345 1234 9876 5432','2024-07-15','PREMIUM');
INSERT INTO cliente VALUES('Z9048563T','Luis Fernando','Rangel Pérez','2000-03-08','IT76 4321 8765 9876 5432 1234 7654','2024-08-20','BASICO');
INSERT INTO cliente VALUES('X2984657U','Elena Patricia','Vega Jiménez','2003-05-11','ES76 8765 4321 1234 5678 9876 5432','2024-09-07','BASICO');
INSERT INTO cliente VALUES('12348765V','Andrés Manuel','Navarro Díaz','1992-11-24','MX76 2345 7654 8765 1234 4321 9876','2024-10-30','ESTANDAR');
INSERT INTO cliente VALUES('P9087453W','Sofía Alejandra','Díaz Ruiz','1994-04-16','AR76 6543 9876 4321 7654 8765 5432','2024-11-03','BASICO');
INSERT INTO cliente VALUES('Y6452389X','Miguel Javier','Ríos Castro','1998-02-20','ES76 1234 6789 5432 9876 8765 1098','2024-12-13','PREMIUM');
INSERT INTO cliente VALUES('Z9847531Y','Ana Laura','Jiménez Morales','1996-07-06','CL76 8765 5432 1234 6789 4321 8765','2024-01-01','BASICO');
INSERT INTO cliente VALUES('X8471264Z','María Elena','Hernández García','2001-10-10','ES76 5432 1098 8765 4321 9876 5432','2024-02-04','BASICO');
INSERT INTO cliente VALUES('P1298736A','David Enrique','Ramos Cruz','2004-03-15','PE76 3456 4321 8765 9876 5432 1098','2024-03-12','ESTANDAR');
INSERT INTO cliente VALUES('12349087B','José Antonio','López Morales','1999-08-13','MX76 5432 7654 4321 8765 1098 8765','2024-04-26','BASICO');
INSERT INTO cliente VALUES('Y9087465C','Rosa Isabel','Pérez Ruiz','1995-06-27','US76 8765 5432 9876 4321 7654 1234','2024-05-18','PREMIUM');
INSERT INTO cliente VALUES('Z9023471A','Andrea Lucía','Gómez Sánchez','1990-04-15','ES76 3456 7890 1234 5678 8765 5432','2024-01-01','BASICO');
INSERT INTO cliente VALUES('X8436721B','Juan Pablo','Martínez Díaz','1995-03-21','ES76 2345 8765 1234 5432 8765 1098','2024-01-05','PREMIUM');
INSERT INTO cliente VALUES('12349871C','Ana Beatriz','Ramos López','2000-08-30','ES76 1234 6543 9876 4321 8765 1234','2024-01-10','BASICO');
INSERT INTO cliente VALUES('Y5634978D','Luis Enrique','Navarro Torres','1992-02-11','US76 5432 1098 7654 8765 2345 9876','2024-01-15','ESTANDAR');
INSERT INTO cliente VALUES('P9012846E','Sofía Teresa','Fernández Vega','1997-11-05','MX76 6789 1234 8765 5432 1098 4321','2024-01-20','BASICO');
INSERT INTO cliente VALUES('Z3749028F','Carlos Javier','Hernández Gómez','1998-05-19','BR76 4321 8765 9876 5432 7654 1234','2024-01-25','PREMIUM');
INSERT INTO cliente VALUES('X8472395G','Miguel Ángel','López Díaz','1996-10-12','AR76 6543 8765 4321 9876 5432 8765','2024-01-30','BASICO');
INSERT INTO cliente VALUES('P5674328H','Elena Isabel','Vega Torres','2002-01-16','CL76 8765 4321 2345 9876 6543 1234','2024-02-04','ESTANDAR');
INSERT INTO cliente VALUES('12349567I','Gabriel Antonio','Pérez Ruiz','1993-12-08','ES76 5432 7654 9876 2345 8765 4321','2024-02-08','BASICO');
INSERT INTO cliente VALUES('Y8743965J','Laura Elena','Jiménez Cruz','2001-09-14','PE76 7654 9876 4321 2345 8765 5432','2024-02-12','PREMIUM');
INSERT INTO cliente VALUES('Z7896423K','Pedro Andrés','García Fernández','1990-06-21','ES76 8765 4321 1098 7654 5432 9876','2024-02-16','BASICO');
INSERT INTO cliente VALUES('X6452397L','Isabel Cristina','Díaz López','1999-11-22','CO76 5432 8765 2345 7654 8765 9876','2024-02-20','BASICO');
INSERT INTO cliente VALUES('12347659M','Antonio Luis','Vega Morales','1994-07-29','IT76 8765 5432 2345 8765 6543 4321','2024-02-24','ESTANDAR');
INSERT INTO cliente VALUES('P9083456N','María Clara','Gómez Pérez','1992-03-02','MX76 1234 4321 8765 5432 1098 7654','2024-02-28','BASICO');
INSERT INTO cliente VALUES('Z6478321O','José Javier','Serrano Jiménez','2000-10-08','ES76 5432 7654 9876 4321 8765 1234','2024-03-03','PREMIUM');
INSERT INTO cliente VALUES('X4832916P','Sofía Lucía','Hernández García','1993-12-23','BR76 9876 5432 1234 6789 4321 6543','2024-03-06','BASICO');
INSERT INTO cliente VALUES('P2394876Q','Gabriela María','Fernández Morales','1995-09-14','PE76 2345 6789 8765 5432 1098 4321','2024-03-10','ESTANDAR');
INSERT INTO cliente VALUES('12348908R','Raúl Antonio','Ríos Díaz','1991-02-05','US76 4321 8765 9876 5432 7654 1234','2024-03-14','BASICO');
INSERT INTO cliente VALUES('Y8472957S','Miguel Ángel','González Torres','1998-08-09','ES76 6543 8765 2345 1234 9876 5432','2024-03-18','PREMIUM');
INSERT INTO cliente VALUES('Z9045863T','Luis Fernando','Morales López','1997-07-04','IT76 4321 8765 9876 5432 2345 6543','2024-03-22','BASICO');
INSERT INTO cliente VALUES('X2984658U','Elena Patricia','Gómez García','1996-09-20','ES76 8765 4321 1234 6789 9876 5432','2024-03-26','BASICO');
INSERT INTO cliente VALUES('12348766V','Andrés Enrique','López Díaz','1995-01-15','MX76 2345 7654 9876 1234 4321 8765','2024-03-30','ESTANDAR');
INSERT INTO cliente VALUES('P9087432W','Sofía Alejandra','Ramos Ruiz','1993-05-12','AR76 9876 5432 4321 7654 8765 1234','2024-04-03','BASICO');
INSERT INTO cliente VALUES('Y6452398X','María Teresa','Díaz Fernández','1998-07-27','ES76 5432 8765 1234 6789 4321 8765','2024-04-07','PREMIUM');
INSERT INTO cliente VALUES('Z9847532Y','Ana Laura','Ríos Morales','1992-04-01','CL76 8765 9876 5432 6789 4321 1234','2024-04-11','BASICO');
INSERT INTO cliente VALUES('X8471265Z','Lucía Elena','Serrano Cruz','2003-10-10','ES76 5432 9876 5432 8765 1234 7654','2024-04-15','BASICO');
INSERT INTO cliente VALUES('P1298737A','David Rafael','Gómez Morales','1990-12-05','PE76 8765 4321 9876 5432 8765 1098','2024-04-19','ESTANDAR');
INSERT INTO cliente VALUES('12349088B','José Alberto','Navarro García','1996-05-13','MX76 4321 7654 8765 5432 1098 7654','2024-04-23','BASICO');
INSERT INTO cliente VALUES('Y9087466C','Rosa Isabel','Hernández Ruiz','1994-11-28','US76 8765 5432 9876 4321 8765 1234','2024-04-27','PREMIUM');
INSERT INTO cliente VALUES('Z3958461D','Miguel Javier','Ríos Fernández','1993-06-10','ES76 1234 9876 5432 7654 8765 1098','2024-05-01','BASICO');
INSERT INTO cliente VALUES('X2957482E','Sofía Patricia','Vega Morales','1998-12-03','BR76 5432 8765 2345 1234 8765 5432','2024-05-05','PREMIUM');
INSERT INTO cliente VALUES('P3928476F','Andrés Manuel','López Sánchez','1992-09-08','MX76 8765 9876 4321 2345 7654 1234','2024-05-09','BASICO');
INSERT INTO cliente VALUES('Y2856473G','Raúl Antonio','Navarro Cruz','1990-08-17','CL76 9876 5432 8765 1234 6543 8765','2024-05-13','BASICO');
INSERT INTO cliente VALUES('Z8471268H','Laura Isabel','Serrano Vega','1999-03-19','ES76 4321 8765 7654 9876 5432 1098','2024-05-17','ESTANDAR');
INSERT INTO cliente VALUES('X8471293I','María Clara','Morales Díaz','1997-02-11','AR76 5432 8765 9876 6543 2345 8765','2024-05-21','PREMIUM');
INSERT INTO cliente VALUES('P3874956J','Carlos Javier','Ríos Cruz','2001-09-14','PE76 8765 4321 5432 8765 1098 7654','2024-05-25','BASICO');
INSERT INTO cliente VALUES('12348909K','José Antonio','Sánchez Jiménez','1995-07-27','US76 7654 9876 5432 8765 2345 1098','2024-05-29','BASICO');
INSERT INTO cliente VALUES('Y8472357L','Luis Javier','Ramos Ruiz','1993-12-15','ES76 8765 5432 1098 7654 8765 1234','2024-06-02','PREMIUM');
INSERT INTO cliente VALUES('Z2908436M','Ana Elena','González García','1999-11-25','BR76 8765 1234 5432 9876 6543 8765','2024-06-06','BASICO');
INSERT INTO cliente VALUES('X1987453N','David Rafael','Morales Torres','1991-04-10','MX76 5432 8765 4321 7654 9876 1098','2024-06-10','ESTANDAR');
INSERT INTO cliente VALUES('P3847591O','Miguel Ángel','Gómez Díaz','1994-02-15','CO76 4321 8765 5432 8765 1098 7654','2024-06-14','BASICO');
INSERT INTO cliente VALUES('Y7492036P','Raúl Alejandro','Fernández García','1996-05-25','IT76 8765 5432 7654 8765 4321 8765','2024-06-18','PREMIUM');
INSERT INTO cliente VALUES('Z1234879Q','Sofía Teresa','Pérez Jiménez','1997-01-07','ES76 1234 8765 5432 9876 6543 4321','2024-06-22','BASICO');
INSERT INTO cliente VALUES('X8453298R','Laura María','Ramos Cruz','2003-06-30','AR76 6543 9876 7654 4321 8765 1098','2024-06-26','PREMIUM');
INSERT INTO gimnasio_empleado VALUES(1, 'Z1567800E');
INSERT INTO gimnasio_empleado VALUES(2, 'Y9876543B');
INSERT INTO gimnasio_empleado VALUES(1, 'Z8453021D');
INSERT INTO gimnasio_empleado VALUES(3, 'X5624890E');
INSERT INTO gimnasio_empleado VALUES(1, '12349876F');
INSERT INTO gimnasio_empleado VALUES(2, 'Y7402839G');
INSERT INTO gimnasio_empleado VALUES(1, 'Z3485091H');
INSERT INTO gimnasio_empleado VALUES(3, 'X8923745J');
INSERT INTO gimnasio_empleado VALUES(2, '12345678K');
INSERT INTO gimnasio_empleado VALUES(1, 'Y3495876L');
INSERT INTO gimnasio_empleado VALUES(3, 'Z2093847M');
INSERT INTO gimnasio_empleado VALUES(2, 'X6473928N');
INSERT INTO gimnasio_empleado VALUES(1, '12390876P');
INSERT INTO gimnasio_empleado VALUES(3, 'Y5627384Q');
INSERT INTO gimnasio_empleado VALUES(1, 'Z7481209R');
INSERT INTO gimnasio_empleado VALUES(2, 'X9087345S');
INSERT INTO gimnasio_empleado VALUES(3, '12347658T');
INSERT INTO gimnasio_empleado VALUES(1, 'Y2348957U');
INSERT INTO gimnasio_empleado VALUES(2, 'Z4567830V');
INSERT INTO gimnasio_empleado VALUES(3, 'X2938476W');
INSERT INTO gimnasio_empleado VALUES(1, '12348976X');
INSERT INTO gimnasio_empleado VALUES(2, 'Y5629834Y');
INSERT INTO gimnasio_empleado VALUES(1, 'Z7890652Z');
INSERT INTO gimnasio_empleado VALUES(3, 'X3829471A');
INSERT INTO gimnasio_empleado VALUES(2, '12340675B');
INSERT INTO gimnasio_empleado VALUES(1, 'Y6783945C');
INSERT INTO gimnasio_empleado VALUES(2, 'Z4902751D');
INSERT INTO gimnasio_empleado VALUES(3, 'X3568974E');
INSERT INTO gimnasio_empleado VALUES(1, '12398475F');
INSERT INTO gimnasio_empleado VALUES(2, 'Y4573896G');
INSERT INTO gimnasio_empleado VALUES(3, 'Z9087432H');
INSERT INTO gimnasio_empleado VALUES(1, 'X2478934I');
INSERT INTO gimnasio_empleado VALUES(2, '12345679J');
INSERT INTO gimnasio_empleado VALUES(3, 'Y8743957K');
INSERT INTO gimnasio_empleado VALUES(1, 'Z3958742L');
INSERT INTO gimnasio_empleado VALUES(2, 'X1092847M');
INSERT INTO gimnasio_empleado VALUES(1, '12349875N');
INSERT INTO gimnasio_empleado VALUES(3, 'Y3489705P');
INSERT INTO gimnasio_empleado VALUES(2, 'Z4987651Q');
INSERT INTO gimnasio_empleado VALUES(1, 'X2083745R');
INSERT INTO gimnasio_empleado VALUES(3, '12340896S');
INSERT INTO gimnasio_empleado VALUES(1, 'Y3047596T');
INSERT INTO gimnasio_empleado VALUES(2, 'Z8093754U');
INSERT INTO gimnasio_empleado VALUES(3, 'X9087645V');
INSERT INTO gimnasio_empleado VALUES(1, '12347689W');
INSERT INTO gimnasio_empleado VALUES(2, 'Y2348761X');
INSERT INTO gimnasio_empleado VALUES(2, 'Y8743957K');
INSERT INTO gimnasio_empleado VALUES(1, 'Z8093754U');
INSERT INTO gimnasio_empleado VALUES(2, '12349876F');
INSERT INTO gimnasio_empleado VALUES(3, 'Z7481209R');
INSERT INTO gimnasio_empleado VALUES(3, 'Y2348761X');
INSERT INTO gimnasio_empleado VALUES(1, 'Y5627384Q');
INSERT INTO gimnasio_empleado VALUES(3, 'Z3958742L');
INSERT INTO gimnasio_empleado VALUES(1, 'X6473928N');
INSERT INTO gimnasio_empleado VALUES(2, 'X2083745R');
INSERT INTO gimnasio_empleado VALUES(3, 'Y6783945C');
INSERT INTO actividad_cliente VALUES(23, 'Z1038513E');
INSERT INTO actividad_cliente VALUES(45, 'X2438911C');
INSERT INTO actividad_cliente VALUES(78, '12345678A');
INSERT INTO actividad_cliente VALUES(56, 'X2398745A');
INSERT INTO actividad_cliente VALUES(12, 'Z1389706B');
INSERT INTO actividad_cliente VALUES(67, 'Y4891324E');
INSERT INTO actividad_cliente VALUES(34, 'P5920483F');
INSERT INTO actividad_cliente VALUES(44, '12345678Z');
INSERT INTO actividad_cliente VALUES(62, 'P7458291K');
INSERT INTO actividad_cliente VALUES(39, 'P5692380P');
INSERT INTO actividad_cliente VALUES(66, 'P9487632T');
INSERT INTO actividad_cliente VALUES(10, 'Z5623897X');
INSERT INTO actividad_cliente VALUES(63, 'P6237890A');
INSERT INTO actividad_cliente VALUES(18, 'Y4938701B');
INSERT INTO actividad_cliente VALUES(50, 'P9857452C');
INSERT INTO actividad_cliente VALUES(30, 'Z3845296D');
INSERT INTO actividad_cliente VALUES(19, 'X2368294E');
INSERT INTO actividad_cliente VALUES(83, 'Z9028471A');
INSERT INTO actividad_cliente VALUES(29, 'X8471263B');
INSERT INTO actividad_cliente VALUES(54, '12348765C');
INSERT INTO actividad_cliente VALUES(6, 'Y5634789D');
INSERT INTO actividad_cliente VALUES(70, 'P9087654E');
INSERT INTO actividad_cliente VALUES(22, 'Z3829047F');
INSERT INTO actividad_cliente VALUES(48, 'X8472930G');
INSERT INTO actividad_cliente VALUES(79, 'P6478290H');
INSERT INTO actividad_cliente VALUES(36, '12349876I');
INSERT INTO actividad_cliente VALUES(91, 'Y9084732J');
INSERT INTO actividad_cliente VALUES(7, 'Z7895643K');
INSERT INTO actividad_cliente VALUES(75, 'X6452398L');
INSERT INTO actividad_cliente VALUES(26, 'Z6457382O');
INSERT INTO actividad_cliente VALUES(82, 'X4732981P');
INSERT INTO actividad_cliente VALUES(74, 'Y8472956S');
INSERT INTO actividad_cliente VALUES(85, 'X2984657U');
INSERT INTO actividad_cliente VALUES(60, 'P9087453W');
INSERT INTO actividad_cliente VALUES(40, 'Y6452389X');
INSERT INTO actividad_cliente VALUES(95, 'P1298736A');
INSERT INTO actividad_cliente VALUES(16, '12349087B');
INSERT INTO actividad_cliente VALUES(17, '12349871C');
INSERT INTO actividad_cliente VALUES(65, 'P9012846E');
INSERT INTO actividad_cliente VALUES(81, 'Z3749028F');
INSERT INTO actividad_cliente VALUES(5, 'Y8743965J');
INSERT INTO actividad_cliente VALUES(90, 'Z7896423K');
INSERT INTO actividad_cliente VALUES(27, 'P9083456N');
INSERT INTO actividad_cliente VALUES(9, 'X4832916P');
INSERT INTO actividad_cliente VALUES(58, 'Y8472957S');
INSERT INTO actividad_cliente VALUES(80, 'Z9045863T');
INSERT INTO actividad_cliente VALUES(46, 'Y6452398X');
INSERT INTO actividad_cliente VALUES(8, 'Z9847532Y');
INSERT INTO actividad_cliente VALUES(52, '12349088B');
INSERT INTO actividad_cliente VALUES(4, 'Y9087466C');
INSERT INTO actividad_cliente VALUES(87, 'Z3958461D');
INSERT INTO actividad_cliente VALUES(69, 'P3928476F');
INSERT INTO actividad_cliente VALUES(2, 'Y2856473G');
INSERT INTO actividad_cliente VALUES(86, 'Z8471268H');
INSERT INTO actividad_cliente VALUES(71, 'X8471293I');
INSERT INTO actividad_cliente VALUES(1, 'P3874956J');
INSERT INTO gimnasio_equipamiento VALUES(1, 7);
INSERT INTO gimnasio_equipamiento VALUES(1, 23);
INSERT INTO gimnasio_equipamiento VALUES(1, 45);
INSERT INTO gimnasio_equipamiento VALUES(1, 16);
INSERT INTO gimnasio_equipamiento VALUES(1, 38);
INSERT INTO gimnasio_equipamiento VALUES(1, 12);
INSERT INTO gimnasio_equipamiento VALUES(1, 49);
INSERT INTO gimnasio_equipamiento VALUES(1, 5);
INSERT INTO gimnasio_equipamiento VALUES(1, 30);
INSERT INTO gimnasio_equipamiento VALUES(1, 9);
INSERT INTO gimnasio_equipamiento VALUES(1, 50);
INSERT INTO gimnasio_equipamiento VALUES(1, 33);
INSERT INTO gimnasio_equipamiento VALUES(1, 21);
INSERT INTO gimnasio_equipamiento VALUES(1, 56);
INSERT INTO gimnasio_equipamiento VALUES(1, 57);
INSERT INTO gimnasio_equipamiento VALUES(1, 58);
INSERT INTO gimnasio_equipamiento VALUES(1, 59);
INSERT INTO gimnasio_equipamiento VALUES(1, 60);
INSERT INTO gimnasio_equipamiento VALUES(1, 41);
INSERT INTO gimnasio_equipamiento VALUES(1, 3);
INSERT INTO gimnasio_equipamiento VALUES(1, 28);
INSERT INTO gimnasio_equipamiento VALUES(1, 47);
INSERT INTO gimnasio_equipamiento VALUES(1, 11);
INSERT INTO gimnasio_equipamiento VALUES(1, 36);
INSERT INTO gimnasio_equipamiento VALUES(1, 20);
INSERT INTO gimnasio_equipamiento VALUES(2, 8);
INSERT INTO gimnasio_equipamiento VALUES(2, 29);
INSERT INTO gimnasio_equipamiento VALUES(2, 42);
INSERT INTO gimnasio_equipamiento VALUES(2, 14);
INSERT INTO gimnasio_equipamiento VALUES(2, 37);
INSERT INTO gimnasio_equipamiento VALUES(2, 6);
INSERT INTO gimnasio_equipamiento VALUES(2, 48);
INSERT INTO gimnasio_equipamiento VALUES(2, 4);
INSERT INTO gimnasio_equipamiento VALUES(2, 31);
INSERT INTO gimnasio_equipamiento VALUES(2, 10);
INSERT INTO gimnasio_equipamiento VALUES(2, 51);
INSERT INTO gimnasio_equipamiento VALUES(2, 39);
INSERT INTO gimnasio_equipamiento VALUES(2, 34);
INSERT INTO gimnasio_equipamiento VALUES(2, 22);
INSERT INTO gimnasio_equipamiento VALUES(2, 40);
INSERT INTO gimnasio_equipamiento VALUES(2, 2);
INSERT INTO gimnasio_equipamiento VALUES(2, 53);
INSERT INTO gimnasio_equipamiento VALUES(2, 54);
INSERT INTO gimnasio_equipamiento VALUES(2, 55);
INSERT INTO gimnasio_equipamiento VALUES(2, 27);
INSERT INTO gimnasio_equipamiento VALUES(2, 46);
INSERT INTO gimnasio_equipamiento VALUES(2, 13);
INSERT INTO gimnasio_equipamiento VALUES(2, 35);
INSERT INTO gimnasio_equipamiento VALUES(2, 19);
INSERT INTO gimnasio_equipamiento VALUES(3, 15);
INSERT INTO gimnasio_equipamiento VALUES(3, 28);
INSERT INTO gimnasio_equipamiento VALUES(3, 7);
INSERT INTO gimnasio_equipamiento VALUES(3, 50);
INSERT INTO gimnasio_equipamiento VALUES(3, 12);
INSERT INTO gimnasio_equipamiento VALUES(3, 36);
INSERT INTO gimnasio_equipamiento VALUES(3, 25);
INSERT INTO gimnasio_equipamiento VALUES(3, 3);
INSERT INTO gimnasio_equipamiento VALUES(3, 41);
INSERT INTO gimnasio_equipamiento VALUES(3, 9);
INSERT INTO gimnasio_equipamiento VALUES(3, 30);
INSERT INTO gimnasio_equipamiento VALUES(3, 17);
INSERT INTO gimnasio_equipamiento VALUES(3, 1);
INSERT INTO gimnasio_equipamiento VALUES(3, 44);
INSERT INTO gimnasio_equipamiento VALUES(3, 23);
INSERT INTO gimnasio_equipamiento VALUES(3, 38);
INSERT INTO gimnasio_equipamiento VALUES(3, 5);
INSERT INTO gimnasio_equipamiento VALUES(3, 32);
INSERT INTO gimnasio_equipamiento VALUES(3, 21);
INSERT INTO gimnasio_equipamiento VALUES(3, 47);
INSERT INTO gimnasio_equipamiento VALUES(3, 24);
INSERT INTO gimnasio_equipamiento VALUES(3, 26);
INSERT INTO gimnasio_equipamiento VALUES(3, 52);
INSERT INTO actividad_empleado VALUES(1, 'Z1567800E');
INSERT INTO actividad_empleado VALUES(2, 'Z8453021D');
INSERT INTO actividad_empleado VALUES(3, 'X5624890E');
INSERT INTO actividad_empleado VALUES(4, 'Y7402839G');
INSERT INTO actividad_empleado VALUES(5, 'Z3485091H');
INSERT INTO actividad_empleado VALUES(6, '12345678K');
INSERT INTO actividad_empleado VALUES(7, 'Y3495876L');
INSERT INTO actividad_empleado VALUES(8, 'Z2093847M');
INSERT INTO actividad_empleado VALUES(9, 'X6473928N');
INSERT INTO actividad_empleado VALUES(10, 'Y5627384Q');
INSERT INTO actividad_empleado VALUES(11, 'X9087345S');
INSERT INTO actividad_empleado VALUES(12, '12347658T');
INSERT INTO actividad_empleado VALUES(13, 'Y2348957U');
INSERT INTO actividad_empleado VALUES(14, 'Z4567830V');
INSERT INTO actividad_empleado VALUES(15, 'Y5629834Y');
INSERT INTO actividad_empleado VALUES(16, 'Z7890652Z');
INSERT INTO actividad_empleado VALUES(17, '12340675B');
INSERT INTO actividad_empleado VALUES(18, 'Y6783945C');
INSERT INTO actividad_empleado VALUES(19, 'X3568974E');
INSERT INTO actividad_empleado VALUES(20, '12398475F');
INSERT INTO actividad_empleado VALUES(21, 'Y4573896G');
INSERT INTO actividad_empleado VALUES(22, 'Z9087432H');
INSERT INTO actividad_empleado VALUES(23, '12345679J');
INSERT INTO actividad_empleado VALUES(24, 'Z3958742L');
INSERT INTO actividad_empleado VALUES(25, 'X1092847M');
INSERT INTO actividad_empleado VALUES(26, '12349875N');
INSERT INTO actividad_empleado VALUES(27, 'Z4987651Q');
INSERT INTO actividad_empleado VALUES(28, 'X2083745R');
INSERT INTO actividad_empleado VALUES(29, 'Y3047596T');
INSERT INTO actividad_empleado VALUES(30, 'Z8093754U');
INSERT INTO actividad_empleado VALUES(31, 'Y2348761X');
INSERT INTO actividad_empleado VALUES(32, 'Z1567800E');
INSERT INTO actividad_empleado VALUES(33, 'Z8453021D');
INSERT INTO actividad_empleado VALUES(34, 'X5624890E');
INSERT INTO actividad_empleado VALUES(35, 'Y7402839G');
INSERT INTO actividad_empleado VALUES(36, 'Z3485091H');
INSERT INTO actividad_empleado VALUES(37, '12345678K');
INSERT INTO actividad_empleado VALUES(38, 'Y3495876L');
INSERT INTO actividad_empleado VALUES(39, 'Z2093847M');
INSERT INTO actividad_empleado VALUES(40, 'X6473928N');
INSERT INTO actividad_empleado VALUES(41, 'Y5627384Q');
INSERT INTO actividad_empleado VALUES(42, 'X9087345S');
INSERT INTO actividad_empleado VALUES(43, '12347658T');
INSERT INTO actividad_empleado VALUES(44, 'Y2348957U');
INSERT INTO actividad_empleado VALUES(45, 'Z4567830V');
INSERT INTO actividad_empleado VALUES(46, 'Y5629834Y');
INSERT INTO actividad_empleado VALUES(47, 'Z7890652Z');
INSERT INTO actividad_empleado VALUES(48, '12340675B');
INSERT INTO actividad_empleado VALUES(49, 'Y6783945C');
INSERT INTO actividad_empleado VALUES(50, 'X3568974E');
INSERT INTO actividad_empleado VALUES(51, '12398475F');
INSERT INTO actividad_empleado VALUES(52, 'Y4573896G');
INSERT INTO actividad_empleado VALUES(53, 'Z9087432H');
INSERT INTO actividad_empleado VALUES(54, '12345679J');
INSERT INTO actividad_empleado VALUES(55, 'Z3958742L');
INSERT INTO actividad_empleado VALUES(56, 'X1092847M');
INSERT INTO actividad_empleado VALUES(57, '12349875N');
INSERT INTO actividad_empleado VALUES(58, 'Z4987651Q');
INSERT INTO actividad_empleado VALUES(59, 'X2083745R');
INSERT INTO actividad_empleado VALUES(60, 'Y3047596T');
INSERT INTO actividad_empleado VALUES(61, 'Z8093754U');
INSERT INTO actividad_empleado VALUES(62, 'Y2348761X');
INSERT INTO actividad_empleado VALUES(63, 'Z1567800E');
INSERT INTO actividad_empleado VALUES(64, 'Z8453021D');
INSERT INTO actividad_empleado VALUES(65, 'X5624890E');
INSERT INTO actividad_empleado VALUES(66, 'Y7402839G');
INSERT INTO actividad_empleado VALUES(67, 'Z3485091H');
INSERT INTO actividad_empleado VALUES(68, '12345678K');
INSERT INTO actividad_empleado VALUES(69, 'Y3495876L');
INSERT INTO actividad_empleado VALUES(70, 'Z2093847M');
INSERT INTO actividad_empleado VALUES(71, 'X6473928N');
INSERT INTO actividad_empleado VALUES(72, 'Y5627384Q');
INSERT INTO actividad_empleado VALUES(73, 'X9087345S');
INSERT INTO actividad_empleado VALUES(74, '12347658T');
INSERT INTO actividad_empleado VALUES(75, 'Y2348957U');
INSERT INTO actividad_empleado VALUES(76, 'Z4567830V');
INSERT INTO actividad_empleado VALUES(77, 'Y5629834Y');
INSERT INTO actividad_empleado VALUES(78, 'Z7890652Z');
INSERT INTO actividad_empleado VALUES(79, '12340675B');
INSERT INTO actividad_empleado VALUES(80, 'Y6783945C');
INSERT INTO actividad_empleado VALUES(81, 'X3568974E');
INSERT INTO actividad_empleado VALUES(82, '12398475F');
INSERT INTO actividad_empleado VALUES(83, 'Y4573896G');
INSERT INTO actividad_empleado VALUES(84, 'Z9087432H');
INSERT INTO actividad_empleado VALUES(85, '12345679J');
INSERT INTO actividad_empleado VALUES(86, 'Z3958742L');
INSERT INTO actividad_empleado VALUES(87, 'X1092847M');
INSERT INTO actividad_empleado VALUES(88, '12349875N');
INSERT INTO actividad_empleado VALUES(89, 'Z4987651Q');
INSERT INTO actividad_empleado VALUES(90, 'X2083745R');
INSERT INTO actividad_empleado VALUES(91, 'Y3047596T');
INSERT INTO actividad_empleado VALUES(92, 'Z8093754U');
INSERT INTO actividad_empleado VALUES(93, 'Y2348761X');
INSERT INTO actividad_empleado VALUES(94, 'Z1567800E');
INSERT INTO actividad_empleado VALUES(95, 'Z8453021D');
INSERT INTO actividad_empleado VALUES(96, 'X5624890E');
INSERT INTO actividad_empleado VALUES(97, 'Y7402839G');
INSERT INTO actividad_empleado VALUES(98, 'Z3485091H');
INSERT INTO actividad_empleado VALUES(99, '12345678K');
INSERT INTO actividad_empleado VALUES(100, 'Y3495876L');
INSERT INTO gimnasio_cliente VALUES(1, 'Z1038513E');
INSERT INTO gimnasio_cliente VALUES(2, 'X2438911C');
INSERT INTO gimnasio_cliente VALUES(3, '12345678A');
INSERT INTO gimnasio_cliente VALUES(1, 'X2398745A');
INSERT INTO gimnasio_cliente VALUES(2, 'Z1389706B');
INSERT INTO gimnasio_cliente VALUES(3, 'Y4891324E');
INSERT INTO gimnasio_cliente VALUES(1, 'P5920483F');
INSERT INTO gimnasio_cliente VALUES(2, 'X6402934G');
INSERT INTO gimnasio_cliente VALUES(3, '12345678Z');
INSERT INTO gimnasio_cliente VALUES(1, 'P7458291K');
INSERT INTO gimnasio_cliente VALUES(2, 'Z2093847L');
INSERT INTO gimnasio_cliente VALUES(3, 'P1234567BR');
INSERT INTO gimnasio_cliente VALUES(1, 'X5009384N');
INSERT INTO gimnasio_cliente VALUES(2, 'P5692380P');
INSERT INTO gimnasio_cliente VALUES(3, 'Z9823741Q');
INSERT INTO gimnasio_cliente VALUES(1, 'X7481209R');
INSERT INTO gimnasio_cliente VALUES(2, 'P9487632T');
INSERT INTO gimnasio_cliente VALUES(3, 'Z7413569U');
INSERT INTO gimnasio_cliente VALUES(1, 'X2765035V');
INSERT INTO gimnasio_cliente VALUES(2, 'P4598670W');
INSERT INTO gimnasio_cliente VALUES(3, 'Z5623897X');
INSERT INTO gimnasio_cliente VALUES(1, 'X7482910Y');
INSERT INTO gimnasio_cliente VALUES(2, 'P6237890A');
INSERT INTO gimnasio_cliente VALUES(3, 'Y4938701B');
INSERT INTO gimnasio_cliente VALUES(1, 'P9857452C');
INSERT INTO gimnasio_cliente VALUES(2, 'Z3845296D');
INSERT INTO gimnasio_cliente VALUES(3, 'X2368294E');
INSERT INTO gimnasio_cliente VALUES(1, 'Z9028471A');
INSERT INTO gimnasio_cliente VALUES(2, 'X8471263B');
INSERT INTO gimnasio_cliente VALUES(3, '12348765C');
INSERT INTO gimnasio_cliente VALUES(1, 'Y5634789D');
INSERT INTO gimnasio_cliente VALUES(2, 'P9087654E');
INSERT INTO gimnasio_cliente VALUES(3, 'Z3829047F');
INSERT INTO gimnasio_cliente VALUES(1, 'X8472930G');
INSERT INTO gimnasio_cliente VALUES(2, 'P6478290H');
INSERT INTO gimnasio_cliente VALUES(3, '12349876I');
INSERT INTO gimnasio_cliente VALUES(1, 'Y9084732J');
INSERT INTO gimnasio_cliente VALUES(2, 'Z7895643K');
INSERT INTO gimnasio_cliente VALUES(3, 'X6452398L');
INSERT INTO gimnasio_cliente VALUES(1, '12347658M');
INSERT INTO gimnasio_cliente VALUES(2, 'P9084356N');
INSERT INTO gimnasio_cliente VALUES(3, 'Z6457382O');
INSERT INTO gimnasio_cliente VALUES(1, 'X4732981P');
INSERT INTO gimnasio_cliente VALUES(2, 'P1298476Q');
INSERT INTO gimnasio_cliente VALUES(3, '12348907R');
INSERT INTO gimnasio_cliente VALUES(1, 'Y8472956S');
INSERT INTO gimnasio_cliente VALUES(2, 'Z9048563T');
INSERT INTO gimnasio_cliente VALUES(3, 'X2984657U');
INSERT INTO gimnasio_cliente VALUES(1, '12348765V');
INSERT INTO gimnasio_cliente VALUES(2, 'P9087453W');
INSERT INTO gimnasio_cliente VALUES(3, 'Y6452389X');
INSERT INTO gimnasio_cliente VALUES(1, 'Z9847531Y');
INSERT INTO gimnasio_cliente VALUES(2, 'X8471264Z');
INSERT INTO gimnasio_cliente VALUES(3, 'P1298736A');
INSERT INTO gimnasio_cliente VALUES(1, '12349087B');
INSERT INTO gimnasio_cliente VALUES(2, 'Y9087465C');
INSERT INTO gimnasio_cliente VALUES(3, 'Z9023471A');
INSERT INTO gimnasio_cliente VALUES(1, 'X8436721B');
INSERT INTO gimnasio_cliente VALUES(2, '12349871C');
INSERT INTO gimnasio_cliente VALUES(3, 'Y5634978D');
INSERT INTO gimnasio_cliente VALUES(1, 'P9012846E');
INSERT INTO gimnasio_cliente VALUES(2, 'Z3749028F');
INSERT INTO gimnasio_cliente VALUES(3, 'X8472395G');
INSERT INTO gimnasio_cliente VALUES(1, 'P5674328H');
INSERT INTO gimnasio_cliente VALUES(2, '12349567I');
INSERT INTO gimnasio_cliente VALUES(3, 'Y8743965J');
INSERT INTO gimnasio_cliente VALUES(1, 'Z7896423K');
INSERT INTO gimnasio_cliente VALUES(2, 'X6452397L');
INSERT INTO gimnasio_cliente VALUES(3, '12347659M');
INSERT INTO gimnasio_cliente VALUES(1, 'P9083456N');
INSERT INTO gimnasio_cliente VALUES(2, 'Z6478321O');
INSERT INTO gimnasio_cliente VALUES(3, 'X4832916P');
INSERT INTO gimnasio_cliente VALUES(1, 'P2394876Q');
INSERT INTO gimnasio_cliente VALUES(2, '12348908R');
INSERT INTO gimnasio_cliente VALUES(3, 'Y8472957S');
INSERT INTO gimnasio_cliente VALUES(1, 'Z9045863T');
INSERT INTO gimnasio_cliente VALUES(2, 'X2984658U');
INSERT INTO gimnasio_cliente VALUES(3, '12348766V');
INSERT INTO gimnasio_cliente VALUES(1, 'P9087432W');
INSERT INTO gimnasio_cliente VALUES(2, 'Y6452398X');
INSERT INTO gimnasio_cliente VALUES(3, 'Z9847532Y');
INSERT INTO gimnasio_cliente VALUES(1, 'X8471265Z');
INSERT INTO gimnasio_cliente VALUES(2, 'P1298737A');
INSERT INTO gimnasio_cliente VALUES(3, '12349088B');
INSERT INTO gimnasio_cliente VALUES(1, 'Y9087466C');
INSERT INTO gimnasio_cliente VALUES(2, 'Z3958461D');
INSERT INTO gimnasio_cliente VALUES(3, 'X2957482E');
INSERT INTO gimnasio_cliente VALUES(1, 'P3928476F');
INSERT INTO gimnasio_cliente VALUES(2, 'Y2856473G');
INSERT INTO gimnasio_cliente VALUES(1,'12348909K');
INSERT INTO gimnasio_cliente VALUES(2,'P3847591O');
INSERT INTO gimnasio_cliente VALUES(3,'P3874956J');
INSERT INTO gimnasio_cliente VALUES(1,'X1987453N');
INSERT INTO gimnasio_cliente VALUES(2,'X8453298R');
INSERT INTO gimnasio_cliente VALUES(3,'X8471293I');
INSERT INTO gimnasio_cliente VALUES(1,'Y7492036P');
INSERT INTO gimnasio_cliente VALUES(2,'Y8472357L');
INSERT INTO gimnasio_cliente VALUES(3,'Z1234879Q');
INSERT INTO gimnasio_cliente VALUES(1,'Z2908436M');
INSERT INTO gimnasio_cliente VALUES(2,'Z8471268H');
INSERT INTO gimnasio_cliente VALUES(3, 'Z1038513E');
INSERT INTO gimnasio_cliente VALUES(1, 'X2438911C');
INSERT INTO gimnasio_cliente VALUES(2, '12345678A');
INSERT INTO gimnasio_cliente VALUES(3, 'X2398745A');
INSERT INTO gimnasio_cliente VALUES(1, 'Z1389706B');
INSERT INTO gimnasio_cliente VALUES(2, 'Y4891324E');
INSERT INTO gimnasio_cliente VALUES(3, 'P5920483F');
INSERT INTO gimnasio_cliente VALUES(1, 'X6402934G');
INSERT INTO gimnasio_cliente VALUES(2, '12345678Z');
INSERT INTO gimnasio_cliente VALUES(3, 'P7458291K');
INSERT INTO gimnasio_cliente VALUES(1, 'Z2093847L');
INSERT INTO gimnasio_cliente VALUES(2, 'P1234567BR');
INSERT INTO gimnasio_cliente VALUES(3, 'X5009384N');
INSERT INTO gimnasio_cliente VALUES(1, 'P5692380P');
INSERT INTO gimnasio_cliente VALUES(2, 'Z9823741Q');
INSERT INTO gimnasio_cliente VALUES(3, 'X7481209R');
INSERT INTO gimnasio_cliente VALUES(1, 'P9487632T');
INSERT INTO gimnasio_cliente VALUES(2, 'Z7413569U');
INSERT INTO gimnasio_cliente VALUES(3, 'X2765035V');
INSERT INTO gimnasio_cliente VALUES(1, 'P4598670W');
INSERT INTO gimnasio_cliente VALUES(2, 'Z5623897X');
INSERT INTO gimnasio_cliente VALUES(3, 'X7482910Y');
INSERT INTO gimnasio_cliente VALUES(1, 'P6237890A');
INSERT INTO gimnasio_cliente VALUES(2, 'Y4938701B');
INSERT INTO gimnasio_cliente VALUES(3, 'P9857452C');
INSERT INTO gimnasio_cliente VALUES(1, 'Z3845296D');
INSERT INTO gimnasio_cliente VALUES(2, 'X2368294E');
INSERT INTO gimnasio_cliente VALUES(3, 'Z9028471A');
INSERT INTO gimnasio_cliente VALUES(1, 'X8471263B');
INSERT INTO gimnasio_cliente VALUES(2, '12348765C');
INSERT INTO gimnasio_cliente VALUES(3, 'Y5634789D');
INSERT INTO gimnasio_cliente VALUES(1, 'P9087654E');
INSERT INTO gimnasio_cliente VALUES(2, 'Z3829047F');
INSERT INTO gimnasio_cliente VALUES(3, 'X8472930G');
INSERT INTO gimnasio_cliente VALUES(1, 'P6478290H');
INSERT INTO gimnasio_cliente VALUES(2, '12349876I');
INSERT INTO gimnasio_cliente VALUES(3, 'Y9084732J');
INSERT INTO gimnasio_cliente VALUES(1, 'Z7895643K');
INSERT INTO gimnasio_cliente VALUES(2, 'X6452398L');
INSERT INTO gimnasio_cliente VALUES(3, '12347658M');
INSERT INTO gimnasio_cliente VALUES(1, 'P9084356N');



